Date,ITUB4.SA_close,PETR4.SA_close,VALE3.SA_close,ITUB4.SA_ret,PETR4.SA_ret,VALE3.SA_ret,selic,ipca
2024-01-02,24.266508102416992,27.68414306640625,62.31031799316406,,,,11.75,
2024-01-03,23.998645782470703,28.548818588256836,61.986839294433594,-0.011038354542638573,0.031233602563621954,-0.005191414666924965,11.75,
2024-01-04,23.83938217163086,28.307003021240234,61.15387725830078,-0.006636358246354668,-0.008470247771165895,-0.013437723968732995,11.75,
2024-01-05,24.39681625366211,28.372955322265625,60.36943817138672,0.023382908081175158,0.002329893453429266,-0.012827299299450146,11.75,
2024-01-08,24.136198043823242,28.160451889038086,60.06212615966797,-0.010682468037186865,-0.007489647476404349,-0.005090522970353062,11.75,
2024-01-09,24.121713638305664,27.91863441467285,59.30195236206055,-0.000600111313773577,-0.008587130466445547,-0.012656458340928323,11.75,
2024-01-10,24.100000381469727,27.662166595458984,58.41238784790039,-0.000900153992436814,-0.009186259449676992,-0.015000594056820082,11.75,
2024-01-11,24.143436431884766,27.896650314331055,58.719688415527344,0.0018023257148342964,0.00847669390114092,0.005260880079532626,11.75,
2024-01-12,24.172393798828125,27.96992301940918,57.97568893432617,0.0011993887873027465,0.002626577178711731,-0.01267035812479611,11.75,
2024-01-15,24.215835571289062,28.270366668701172,57.86246871948242,0.001797164683914998,0.010741668794851611,-0.001952891236393972,11.75,
2024-01-16,23.875579833984375,27.91863441467285,57.11037826538086,-0.01405096001345929,-0.012441729467121854,-0.012997897786693136,11.75,
2024-01-17,23.890052795410156,27.757423400878906,56.08332443237305,0.0006061826153089811,-0.005774315870880065,-0.017983663638774905,11.75,
2024-01-18,23.788707733154297,27.64750862121582,55.8002815246582,-0.004242144758898614,-0.003959833665959311,-0.005046828278807647,11.75,
2024-01-19,23.846620559692383,27.500953674316406,55.072452545166016,0.0024344671088363246,-0.0053008373704585,-0.013043464290956264,11.75,
2024-01-22,23.4556941986084,27.625520706176758,54.8298454284668,-0.016393365261355375,0.004529553168793887,-0.004405235385154693,11.75,
2024-01-23,23.564279556274414,27.96992301940918,55.96202087402344,0.004629381537232691,0.01246681707452546,0.02064888997423342,11.75,
2024-01-24,23.4556941986084,27.757423400878906,56.52811050415039,-0.004608049119715352,-0.007597433084918115,0.010115603784239369,11.75,
2024-01-25,23.40501594543457,28.78330421447754,55.137149810791016,-0.0021605948962634125,0.0369587911234639,-0.024606530820754147,11.75,
2024-01-26,23.75250816345215,29.281591415405273,56.20463562011719,0.01484691225281387,0.017311674754738604,0.019360554780023298,11.75,
2024-01-29,23.629440307617188,29.72858428955078,55.93775939941406,-0.0051812572797816925,0.015265320378397895,-0.004748295541081693,11.75,
2024-01-30,23.4774112701416,29.54538917541504,55.62236785888672,-0.006433882288213955,-0.0061622548975577285,-0.005638258377053451,11.75,
2024-01-31,23.73078727722168,29.867807388305664,54.79749298095703,0.010792331580540049,0.010912640580781785,-0.014829913031073838,11.75,
2024-02-01,23.678382873535156,30.461349487304688,54.54679870605469,-0.002208287617024185,0.019872302351575222,-0.004574922341601728,11.25,0.83
2024-02-02,23.714603424072266,30.065654754638672,53.438880920410156,0.0015296885235178692,-0.01299005918404661,-0.020311325539285052,11.25,0.83
2024-02-05,24.163686752319336,30.197555541992188,52.97792053222656,0.018936995074993135,0.004387091797266374,-0.00862593640144016,11.25,0.83
2024-02-06,25.199478149414062,30.476009368896484,53.91600799560547,0.04286561929525545,0.009221071769106803,0.017707140143567335,11.25,0.83
2024-02-07,25.01839828491211,30.923006057739258,54.021141052246094,-0.007185857716111577,0.014667166013506039,0.0019499414097794432,11.25,0.83
2024-02-08,24.52584457397461,30.673858642578125,53.544010162353516,-0.019687659670625135,-0.008057024426924242,-0.008832299366485552,11.25,0.83
2024-02-09,24.837312698364258,30.263505935668945,53.309486389160156,0.012699588120205219,-0.013377929124951171,-0.00438001883837702,11.25,0.83
2024-02-14,24.837312698364258,30.036352157592773,53.14774703979492,0.0,-0.007505864606666246,-0.003033969379943602,11.25,0.83
2024-02-15,25.04736328125,30.996278762817383,52.97792053222656,0.008457057550335323,0.03195882776270986,-0.0031953660696322217,11.25,0.83
2024-02-16,25.01839828491211,31.282060623168945,54.991580963134766,-0.0011564090005263816,0.009219876441890262,0.038009427525251605,11.25,0.83
2024-02-19,25.293636322021484,31.435945510864258,54.57914352416992,0.011001425190171554,0.004919269531155512,-0.007500010578734506,11.25,0.83
2024-02-20,25.844135284423828,31.106197357177734,53.38227081298828,0.021764326623256558,-0.010489525551969248,-0.021929122259890632,11.25,0.83
2024-02-21,25.69926643371582,31.150157928466797,53.786617279052734,-0.005605482602287659,0.0014132415731915593,0.00757454600387808,11.25,0.83
2024-02-22,25.55348777770996,30.915668487548828,54.360801696777344,-0.005672483157519559,-0.007527712747282034,0.010675228277429172,11.25,0.83
2024-02-23,25.62828826904297,30.703174591064453,54.49019241333008,0.002927212597501283,-0.006873339859041261,0.0023802209039238686,11.25,0.83
2024-02-26,25.703102111816406,31.282060623168945,53.1720085144043,0.0029191899977107916,0.018854272882679934,-0.02419121387802825,11.25,0.83
2024-02-27,26.01728630065918,31.238096237182617,54.57106399536133,0.01222359026844222,-0.0014054184766129074,0.0263118795028785,11.25,0.83
2024-02-28,26.032241821289062,29.625995635986328,53.97262191772461,0.0005748301516559362,-0.051606877351168756,-0.010966289344983005,11.25,0.83
2024-02-29,25.388917922973633,29.41348648071289,54.1747932434082,-0.024712581526087463,-0.007173063747275554,0.0037458125712659385,11.25,0.83
2024-03-01,25.49942970275879,29.442800521850586,54.085838317871094,0.004352756589328877,0.0009966190562589183,-0.0016419984315848568,11.25,0.16
2024-03-04,25.30483055114746,29.369525909423828,53.96453857421875,-0.0076315099545255505,-0.0024887106908317858,-0.002242726514461113,11.25,0.16
2024-03-05,25.28238296508789,29.281591415405273,53.25287628173828,-0.0008870869936946635,-0.002994072641476997,-0.013187591542206945,11.25,0.16
2024-03-06,25.55930519104004,29.92643165588379,53.980709075927734,0.010953169498877813,0.022022035323505662,0.01366748324238487,11.25,0.16
2024-03-07,25.289865493774414,29.596681594848633,53.794700622558594,-0.010541745765455302,-0.011018689592760866,-0.0034458319750395594,11.25,0.16
2024-03-08,25.521875381469727,26.892751693725586,53.38227081298828,0.009174026162868554,-0.09135922527185181,-0.007666736775134297,11.25,0.16
2024-03-11,25.649112701416016,26.123342514038086,51.72443771362305,0.004985422036762666,-0.028610280883492267,-0.031055874433911668,11.25,0.16
2024-03-12,25.75389862060547,26.98068618774414,51.402156829833984,0.004085362344080856,0.03281906491274378,-0.006230727641224454,11.25,0.16
2024-03-13,26.00836181640625,26.65826988220215,51.73165512084961,0.00988056991096431,-0.01194989272320468,0.006410203605004883,11.25,0.16
2024-03-14,25.993398666381836,26.541025161743164,51.07265853881836,-0.0005753207422305451,-0.004398061876373371,-0.012738749233748181,11.25,0.16
2024-03-15,25.851198196411133,26.614295959472656,50.489688873291016,-0.005470637826003766,0.002760661929332997,-0.01141451575473107,11.25,0.16
2024-03-18,25.955974578857422,26.628957748413086,51.45285415649414,0.004053057102043178,0.0005508989966429567,0.01907647491392317,11.25,0.16
2024-03-19,25.993398666381836,26.43110466003418,51.87528610229492,0.0014418294104394658,-0.007429997457962689,0.008210077997149678,11.25,0.16
2024-03-20,26.045793533325195,26.892751693725586,52.22168731689453,0.0020156989709516626,0.017466051443148833,0.006677576947075048,11.25,0.16
2024-03-21,25.776350021362305,26.15998077392578,52.09495544433594,-0.01034499147120016,-0.027247896687744633,-0.002426805395803311,10.75,0.16
2024-03-22,25.415916442871094,26.416452407836914,51.495094299316406,-0.01398311158067378,0.009803968746290748,-0.011514764527641996,10.75,0.16
2024-03-25,25.415916442871094,26.819477081298828,51.38526153564453,0.0,0.015256578258114217,-0.0021328781928909857,10.75,0.16
2024-03-26,25.920917510986328,26.570329666137695,50.734703063964844,0.019869480970727826,-0.009289793921256728,-0.012660409857569999,10.75,0.16
2024-03-27,26.064125061035156,26.782835006713867,51.19939041137695,0.005524787075462445,0.007997843581406316,0.009159161665462934,10.75,0.16
2024-03-28,26.109350204467773,27.376386642456055,51.393707275390625,0.0017351491111523565,0.02216164329106296,0.0037952964371719133,10.75,0.16
2024-04-01,25.21771812438965,27.588886260986328,51.723209381103516,-0.034149914612794596,0.007762149961774822,0.006411331720968638,10.75,0.38
2024-04-02,25.247882843017578,28.29967498779297,52.331520080566406,0.0011961716154942348,0.025763589007642196,0.01176088465394276,10.75,0.38
2024-04-03,25.059350967407227,28.15312385559082,51.5795783996582,-0.007467235046303755,-0.005178544709978583,-0.014368810226619844,10.75,0.38
2024-04-04,24.7275390625,27.830699920654297,51.005062103271484,-0.013241041451504065,-0.011452510086993217,-0.011138444985632656,10.75,0.38
2024-04-05,24.682300567626953,27.91863441467285,50.44744873046875,-0.0018294782492792594,0.003159622081703173,-0.01093251041776433,10.75,0.38
2024-04-08,25.05181121826172,28.307003021240234,53.20174026489258,0.014970672997938195,0.013910730761361068,0.054597241361787896,10.75,0.38
2024-04-09,25.31575584411621,28.380281448364258,52.84688949584961,0.010535949818354373,0.0025887031230058533,-0.006669909053278356,10.75,0.38
2024-04-10,24.780330657958984,29.010469436645508,52.04426193237305,-0.0211498795238092,0.022205135260121578,-0.01518779196152309,10.75,0.38
2024-04-11,24.735084533691406,28.797956466674805,52.26393127441406,-0.0018258886409591168,-0.007325388871586513,0.004220817701795054,10.75,0.38
2024-04-12,24.478683471679688,28.534164428710938,52.069610595703125,-0.010365885819491605,-0.00916009572655374,-0.0037180647144710033,10.75,0.38
2024-04-15,24.063919067382812,28.805288314819336,52.37376403808594,-0.016943901610424916,0.009501728595759928,0.005841285135478103,10.75,0.38
2024-04-16,23.8829288482666,28.93718719482422,51.909080505371094,-0.00752122788517573,0.0045789814204715285,-0.008872448662978094,10.75,0.38
2024-04-17,23.898006439208984,29.14969253540039,52.47514724731445,0.0006313124758765554,0.007343676465353832,0.010904965690632595,10.75,0.38
2024-04-18,23.92817497253418,29.200984954833984,52.669471740722656,0.00126238702805348,0.001759621284900481,0.003703171950949491,10.75,0.38
2024-04-19,23.792436599731445,29.699268341064453,53.53124237060547,-0.005672742403402764,0.01706392393959244,0.016361862031293528,10.75,0.38
2024-04-22,23.7773494720459,30.41006088256836,53.50589370727539,-0.0006341144431468715,0.023932998393805915,-0.0004735302639641281,10.75,0.38
2024-04-23,24.131790161132812,30.3514404296875,53.04121017456055,0.014906652631893058,-0.0019276664097197527,-0.008684716776381163,10.75,0.38
2024-04-24,24.02621078491211,30.212217330932617,53.70021438598633,-0.004375115791896422,-0.004587034314809779,0.012424381141700414,10.75,0.38
2024-04-25,23.890466690063477,30.937660217285156,52.568084716796875,-0.0056498336780544944,0.0240115738082487,-0.02108240501708114,10.75,0.38
2024-04-26,24.290149688720703,31.374589920043945,52.568084716796875,0.01672981126080142,0.014122907152321451,0.0,10.75,0.38
2024-04-29,24.101621627807617,31.751237869262695,53.98746871948242,-0.007761502639097806,0.012004872419961954,0.027000869640434466,10.75,0.38
2024-04-30,23.649150848388672,31.653305053710938,53.47209930419922,-0.018773457919399883,-0.0030843778738643968,-0.009546093334381944,10.75,0.38
2024-05-02,23.994464874267578,31.77383041381836,54.00436782836914,0.014601540160687598,0.0038076706335374855,0.009954135541637932,10.75,0.38
2024-05-03,24.296283721923828,31.369638442993164,54.063507080078125,0.012578686344446366,-0.012720907915761193,0.0010950827513978023,10.75,0.38
2024-05-06,24.447193145751953,31.581966400146484,54.224037170410156,0.006211214256275355,0.006768581586911626,0.002969287399247955,10.75,0.38
2024-05-07,24.952735900878906,31.967309951782227,54.561988830566406,0.020678969242520218,0.01220137931734211,0.006232506426885331,10.75,0.38
2024-05-08,25.111186981201172,32.45487594604492,54.063507080078125,0.0063500483855434275,0.01525201823356781,-0.009136062690754176,10.75,0.38
2024-05-09,24.356645584106445,32.769432067871094,54.502845764160156,-0.030048017947522543,0.009692106737647421,0.008126344512413786,10.5,0.38
2024-05-10,24.635826110839844,32.69865798950195,54.31697082519531,0.011462191120257259,-0.0021597590773790865,-0.003410371263349199,10.5,0.38
2024-05-13,24.93764877319336,32.7301139831543,54.638023376464844,0.012251371681045953,0.0009619964728351249,0.005910722678235336,10.5,0.38
2024-05-14,25.20928192138672,32.14031219482422,54.60422897338867,0.010892492338145043,-0.018020156869409054,-0.000618514378591728,10.5,0.38
2024-05-15,25.141374588012695,30.197895050048828,54.44371032714844,-0.002693743264317816,-0.06043554066933399,-0.0029396742570700907,10.5,0.38
2024-05-16,25.065919876098633,29.317123413085938,54.84080123901367,-0.0030012166458884826,-0.02916665666607332,0.007293604889878846,10.5,0.38
2024-05-17,25.073461532592773,28.8531436920166,55.913787841796875,0.0003008729195426163,-0.01582623624193069,0.019565480053925333,10.5,0.38
2024-05-20,24.998008728027344,28.900327682495117,55.88843536376953,-0.003009269560461325,0.0016353154090300581,-0.00045342086461885867,10.5,0.38
2024-05-21,24.869741439819336,28.84528350830078,55.72791290283203,-0.005131100224962992,-0.0019046211101501065,-0.002872194576439391,10.5,0.38
2024-05-22,24.48491859436035,29.238481521606445,55.28858184814453,-0.01547353624042258,0.013631275740192184,-0.007883500956756162,10.5,0.38
2024-05-23,24.26610565185547,28.9475154876709,54.95907974243164,-0.0089366416172314,-0.00995147554843201,-0.00595967729137814,10.5,0.38
2024-05-24,24.032197952270508,28.79023551940918,54.98442840576172,-0.00963927640227169,-0.00543328039080615,0.0004612279435696198,10.5,0.38
2024-05-27,23.94919204711914,29.104793548583984,55.1702995300293,-0.0034539456322814077,0.010925858142520006,0.0033804320542523136,10.5,0.38
2024-05-28,23.820920944213867,29.72605323791504,53.97902297973633,-0.005355967861166433,0.021345614023820403,-0.021592714928882262,10.5,0.38
2024-05-29,23.654924392700195,29.68673324584961,53.42985534667969,-0.006968519475062274,-0.0013227451270011459,-0.010173723100968313,10.5,0.38
2024-05-31,23.413471221923828,30.504589080810547,53.396060943603516,-0.010207311034605482,0.027549539660962186,-0.0006325003662633888,10.5,0.38
2024-06-03,23.743885040283203,30.339447021484375,52.272377014160156,0.014112124393156344,-0.005413679197208365,-0.02104432255087474,10.5,0.38
2024-06-04,23.82693099975586,30.001293182373047,51.740108489990234,0.0034975725047423634,-0.011145682347864505,-0.010182596517960829,10.5,0.38
2024-06-05,23.781627655029297,30.04061508178711,51.005062103271484,-0.001901350397456869,0.0013106734824739341,-0.014206510348948265,10.5,0.38
2024-06-06,24.083620071411133,30.182165145874023,51.714759826660156,0.012698559609227278,0.004711956253276917,0.013914260548330004,10.5,0.38
2024-06-07,23.743885040283203,29.04974365234375,51.03886413574219,-0.014106476938291257,-0.03751955792625028,-0.013069686356147914,10.5,0.38
2024-06-10,23.555143356323242,29.490131378173828,51.59648132324219,-0.007949064933550187,0.015159780103414011,0.010925344772896306,10.5,0.38
2024-06-11,23.819377899169922,29.61595344543457,51.52043533325195,0.01121770047626347,0.004266582120209472,-0.0014738600005264058,10.5,0.38
2024-06-12,23.781627655029297,28.971529006958008,50.81074523925781,-0.0015848543274482596,-0.021759368296680792,-0.013774924249060017,10.5,0.38
2024-06-13,23.53249168395996,28.680355072021484,51.393707275390625,-0.01047598485197243,-0.010050347527967629,0.011473203815211885,10.5,0.38
2024-06-14,23.509841918945312,28.049488067626953,51.21628189086914,-0.0009624890266120012,-0.021996485148468747,-0.0034522783805176482,10.5,0.38
2024-06-17,24.083620071411133,28.15463638305664,51.01351547241211,0.024405870292281362,0.003748671461531794,-0.003959022618804764,10.5,0.38
2024-06-18,24.068523406982422,29.03623390197754,51.25007629394531,-0.000626843654896847,0.03131269418387661,0.004637218575166413,10.5,0.38
2024-06-19,24.257265090942383,29.060503005981445,51.41060256958008,0.007841847244572042,0.0008358213425967431,0.0031322153495745297,10.5,0.38
2024-06-20,24.091169357299805,29.521520614624023,51.87528610229492,-0.006847257224582903,0.015864061559694553,0.009038671197948656,10.5,0.38
2024-06-21,24.25934600830078,29.675193786621094,51.393707275390625,0.006980842171117718,0.005205462618377066,-0.009283396065607241,10.5,0.38
2024-06-24,24.609386444091797,29.97445297241211,51.45285415649414,0.014429096137680064,0.010084489690036502,0.0011508584268222766,10.5,0.38
2024-06-25,24.685476303100586,29.9501895904541,51.241634368896484,0.0030919039441170693,-0.0008094687159208025,-0.004105113138237804,10.5,0.38
2024-06-26,24.639820098876953,29.998716354370117,51.87528610229492,-0.001849516843954846,0.0016202489726970803,0.012365954778816857,10.5,0.38
2024-06-27,24.685476303100586,30.500179290771484,52.01047134399414,0.001852943894899317,0.016716146466990933,0.002605966190386777,10.5,0.38
2024-06-28,24.662649154663086,30.775175094604492,52.568084716796875,-0.0009247197889648007,0.00901620286265703,0.010721175147879514,10.5,0.38
2024-07-01,24.54665756225586,31.244285583496094,53.34537124633789,-0.004703127862697443,0.01524314605683097,0.014786282089761071,10.5,0.38
2024-07-02,24.86642837524414,31.14722442626953,53.167945861816406,0.013027061308745314,-0.0031065250945546685,-0.0033259752510141904,10.5,0.38
2024-07-03,25.01870346069336,30.605323791503906,54.224037170410156,0.006123721635907131,-0.01739803930357875,0.01986330845540918,10.5,0.38
2024-07-04,25.056777954101562,30.18474006652832,53.953678131103516,0.0015218411884541094,-0.013742175310438642,-0.004985962931107091,10.5,0.38
2024-07-05,25.072004318237305,30.346506118774414,53.7340087890625,0.0006076744649146093,0.005359199777422496,-0.004071443313044099,10.5,0.38
2024-07-08,25.026321411132812,31.090608596801758,53.31157302856445,-0.001822068412426936,0.024520202593174112,-0.007861608877095971,10.5,0.38
2024-07-09,25.201435089111328,31.082521438598633,53.24398422241211,0.0069971800929806705,-0.0002601157895621986,-0.0012678073880155738,10.5,0.38
2024-07-10,25.467914581298828,30.79135513305664,52.52583694458008,0.010573980856456666,-0.00936752528642737,-0.013487857610958831,10.5,0.38
2024-07-11,25.620197296142578,31.00164222717285,52.39065933227539,0.005979394754039635,0.006829419920218127,-0.002573545138315758,10.5,0.38
2024-07-12,25.475528717041016,30.856056213378906,53.15949249267578,-0.005646661398791997,-0.004696074250748583,0.014675004479791864,10.5,0.38
2024-07-15,25.574504852294922,31.139141082763672,53.21863555908203,0.0038851454803252583,0.009174369771274282,0.0011125588983829093,10.5,0.38
2024-07-16,25.726783752441406,31.058258056640625,52.6610221862793,0.005954324473766759,-0.002597471327422607,-0.010477784087186581,10.5,0.38
2024-07-17,26.008487701416016,31.22001838684082,52.17099380493164,0.010949831571848812,0.005208287274360179,-0.009305333641535962,10.5,0.38
2024-07-18,25.886672973632812,31.163402557373047,51.680965423583984,-0.004683652859084564,-0.0018134463845043136,-0.009392736185549477,10.5,0.38
2024-07-19,26.084625244140625,31.292814254760742,51.63872146606445,0.00764687956267851,0.004152681888617282,-0.0008173987690301976,10.5,0.38
2024-07-22,26.06940269470215,30.670024871826172,51.5795783996582,-0.0005835832140964614,-0.019901993405397334,-0.0011453239880293564,10.5,0.38
2024-07-23,26.031335830688477,30.27371597290039,50.88677978515625,-0.001460212359273072,-0.012921701256585427,-0.013431645546496784,10.5,0.38
2024-07-24,25.99326515197754,30.516355514526367,51.19939041137695,-0.0014624942399634744,0.008014858230260824,0.006143258181015687,10.5,0.38
2024-07-25,25.879058837890625,30.475915908813477,51.17403793334961,-0.0043936886504705175,-0.0013251780899472543,-0.0004951714819969588,10.5,0.38
2024-07-26,26.06940269470215,30.44356346130371,51.93442916870117,0.0073551305711641035,-0.0010615742478935486,0.014858925854979832,10.5,0.38
2024-07-29,26.259742736816406,29.82887077331543,52.027366638183594,0.007301281289154415,-0.02019122001830065,0.001789515567419242,10.5,0.38
2024-07-30,26.160764694213867,29.64284324645996,50.87833786010742,-0.0037691931560231984,-0.006236492432757035,-0.022085084299324986,10.5,0.38
2024-07-31,25.795312881469727,30.25754165649414,52.069610595703125,-0.013969462170384084,0.02073682355377926,0.023414144126939984,10.5,0.38
2024-08-01,25.420251846313477,29.796512603759766,50.90367889404297,-0.014539890904974428,-0.015236831133484507,-0.022391788383306466,10.5,-0.02
2024-08-02,25.100305557250977,28.89873695373535,50.19398498535156,-0.012586275344431685,-0.030130225706720193,-0.01394189819106495,10.5,-0.02
2024-08-05,25.100305557250977,28.874469757080078,49.93458938598633,0.0,-0.0008397320856660118,-0.005167862233710574,10.5,-0.02
2024-08-06,25.656400680541992,29.375932693481445,50.18855667114258,0.022154914489890487,0.017367000697161128,0.005085999269827335,10.5,-0.02
2024-08-07,25.724958419799805,29.335494995117188,50.09222412109375,0.0026721495392689754,-0.0013765587900202991,-0.0019194126398183187,10.5,-0.02
2024-08-08,25.633548736572266,29.804597854614258,49.78571319580078,-0.003553346199276386,0.01599096451500648,-0.006118932242896724,10.5,-0.02
2024-08-09,26.326759338378906,29.52960968017578,49.96962356567383,0.027043099218549305,-0.009226367548384906,0.003694039074016109,10.5,-0.02
2024-08-12,26.364850997924805,30.20092010498047,49.71565628051758,0.0014468799238183117,0.02273346759660555,-0.00508243342722936,10.5,-0.02
2024-08-13,27.111377716064453,30.01490020751953,49.49671936035156,0.02831522613946902,-0.0061594115945580175,-0.004403782159299596,10.5,-0.02
2024-08-14,27.781734466552734,30.540618896484375,49.04133987426758,0.02472603043301147,0.01751525693339251,-0.009200195325445248,10.5,-0.02
2024-08-15,28.223556518554688,31.00972557067871,49.242759704589844,0.015903328589288668,0.015360090631573176,0.004107143704447536,10.5,-0.02
2024-08-16,27.987415313720703,31.139141082763672,49.11139678955078,-0.008366812477326957,0.004173384630250743,-0.002667659485924734,10.5,-0.02
2024-08-19,28.155004501342773,31.090608596801758,49.89956283569336,0.005988019463158967,-0.001558568549881345,0.016048536544785774,10.5,-0.02
2024-08-20,28.36067771911621,30.96928596496582,50.09222412109375,0.007305032317207694,-0.003902227627940902,0.003860981428530197,10.5,-0.02
2024-08-21,28.246417999267578,30.783262252807617,51.05553436279297,-0.004028807808482582,-0.006006716214530861,0.01923073408300846,10.5,-0.02
2024-08-22,27.987415313720703,30.877424240112305,51.12559509277344,-0.00916939930413796,0.0030588696718165664,0.001372245552903717,10.5,-0.02
2024-08-23,27.774120330810547,30.686105728149414,50.26736831665039,-0.007621103289434106,-0.006196064492787312,-0.016786636411091016,10.5,-0.02
2024-08-26,27.83505630493164,32.9154052734375,50.83659744262695,0.0021939839460367594,0.07264849978155019,0.011324028789229779,10.5,-0.02
2024-08-27,27.865524291992188,32.47453308105469,52.369144439697266,0.0010945904591235234,-0.013394098864053627,0.030146529747588025,10.5,-0.02
2024-08-28,28.467321395874023,32.94035720825195,51.992576599121094,0.021596475184741948,0.01434429021764827,-0.007190643356982607,10.5,-0.02
2024-08-29,28.155004501342773,32.71576690673828,51.9312744140625,-0.010971067147066305,-0.0068180894364257005,-0.001179056493607833,10.5,-0.02
2024-08-30,27.956941604614258,32.74903869628906,52.17647933959961,-0.007034731488644197,0.0010169955558623212,0.004721719778760347,10.5,-0.02
2024-09-02,27.734132766723633,32.441261291503906,51.44086456298828,-0.007969714321463983,-0.009398059211430554,-0.014098589746223578,10.5,-0.02
2024-09-03,28.183792114257812,32.0503044128418,49.52299118041992,0.016213211039131314,-0.012051223136768097,-0.03728307054831792,10.5,-0.02
2024-09-04,28.381946563720703,32.05862045288086,49.908321380615234,0.007030794460148204,0.00025946836360568604,0.007780834537871373,10.5,-0.02
2024-09-05,28.564861297607422,31.858980178833008,50.26736831665039,0.006444756474897062,-0.006227350747711635,0.00719412967823474,10.5,-0.02
2024-09-06,28.160930633544922,31.235111236572266,49.636844635009766,-0.014140823575304107,-0.019582200646687364,-0.012543399480727802,10.5,-0.02
2024-09-09,28.4352970123291,31.576162338256836,49.636844635009766,0.009742802265822803,0.010918837429502837,0.0,10.5,-0.02
2024-09-10,28.4352970123291,31.052112579345703,49.04133987426758,0.0,-0.016596372709808627,-0.011997232401073421,10.5,-0.02
2024-09-11,28.488643646240234,31.018836975097656,50.43376541137695,0.0018760709229801442,-0.001071605165768319,0.02839289343805218,10.5,-0.02
2024-09-12,28.17616844177246,30.669469833374023,50.8891487121582,-0.010968412829615803,-0.01126306386032816,0.009029333762148983,10.5,-0.02
2024-09-13,28.20665740966797,30.52805519104004,51.230682373046875,0.0010820835330578316,-0.004610925558944601,0.006711325882468033,10.5,-0.02
2024-09-16,28.19902992248535,30.95229148864746,51.230682373046875,-0.00027041442989284015,0.013896604122097367,0.0,10.5,-0.02
2024-09-17,28.130443572998047,30.810880661010742,50.98548126220703,-0.002432223721022919,-0.004568670713397283,-0.0047862159838972795,10.5,-0.02
2024-09-18,27.970394134521484,30.070552825927734,50.389976501464844,-0.005689545494056536,-0.024028129647713947,-0.01167988898015182,10.5,-0.02
2024-09-19,27.894180297851562,30.170373916625977,50.99423599243164,-0.0027248038158982357,0.003319562871892945,0.011991660503140489,10.75,-0.02
2024-09-20,27.58932876586914,30.16205406188965,50.22358703613281,-0.010928857873837683,-0.00027576240053639456,-0.015112471856882137,10.75,-0.02
2024-09-23,27.428075790405273,30.469833374023438,50.38121795654297,-0.005844758922274096,0.010204189393144603,0.0031385834766590737,10.75,-0.02
2024-09-24,27.42039680480957,30.594602584838867,52.842041015625,-0.00027996807557273407,0.004094843883255317,0.04884405655307189,10.75,-0.02
2024-09-25,27.765933990478516,30.819196701049805,53.0784912109375,0.012601465548752966,0.00734097184587168,0.0044746605310455045,10.75,-0.02
2024-09-26,28.119155883789062,30.153738021850586,56.26618194580078,0.012721412268417609,-0.0215923434232973,0.060056167048818,10.75,-0.02
2024-09-27,28.226648330688477,30.03728485107422,56.0122184753418,0.003822747999394416,-0.0038619812472994175,-0.0045136076711872475,10.75,-0.02
2024-09-30,27.727542877197266,29.9540958404541,55.618133544921875,-0.0176820658139768,-0.002769524976460769,-0.007035695802575792,10.75,-0.02
2024-10-01,27.272476196289062,30.752656936645508,55.889610290527344,-0.016412081046043303,0.026659495931535382,0.004881083350023019,10.75,0.56
2024-10-02,27.441486358642578,31.176877975463867,56.19611740112305,0.006197096337607677,0.013794614224465596,0.005484151866552711,10.75,0.56
2024-10-03,26.765432357788086,31.55952262878418,55.11895751953125,-0.024636201990624773,0.012273347370492127,-0.019167870155568312,10.75,0.56
2024-10-04,26.819210052490234,31.476341247558594,54.716121673583984,0.002009221968966246,-0.0026356983343506224,-0.007308480858051802,10.75,0.56
2024-10-07,26.995906829833984,31.917211532592773,55.197776794433594,0.006588440785463945,0.01400640187392721,0.008802800822086398,10.75,0.56
2024-10-08,27.15723991394043,31.276700973510742,53.52511978149414,0.0059762053974845575,-0.020067873361304223,-0.030302977947259113,10.75,0.56
2024-10-09,26.657880783081055,30.960609436035156,53.3849983215332,-0.01838769817705377,-0.010106294066733357,-0.0026178635476754586,10.75,0.56
2024-10-10,26.80384635925293,31.31829833984375,53.63896560668945,0.00547551312722927,0.0115530317498298,0.0047572781332057,10.75,0.56
2024-10-11,26.604106903076172,31.293336868286133,54.40961456298828,-0.007451895280238596,-0.0007970251540091455,0.014367334410392063,10.75,0.56
2024-10-14,26.773117065429688,31.36820411682129,54.23447036743164,0.006352784664760636,0.0023924341737755483,-0.003218993498913303,10.75,0.56
2024-10-15,27.080415725708008,31.11033821105957,53.56890869140625,0.011477881321301675,-0.008220614250065927,-0.012271930960444433,10.75,0.56
2024-10-16,26.919086456298828,30.95229148864746,54.5935173034668,-0.00595741479906553,-0.005080199428880716,0.01912692711294528,10.75,0.56
2024-10-17,26.972858428955078,30.719379425048828,53.2098503112793,0.001997540768835071,-0.0075248730351372695,-0.025344895521132393,10.75,0.56
2024-10-18,27.10346221923828,30.636199951171875,53.02594757080078,0.004842044851390392,-0.002707719863934699,-0.0034561784970766896,10.75,0.56
2024-10-21,26.965173721313477,30.153738021850586,52.83328628540039,-0.005102244754053853,-0.015748099636712087,-0.003633339793563284,10.75,0.56
2024-10-22,27.01127052307129,30.03728485107422,52.90334701538086,0.0017094939655952768,-0.0038619812472994175,0.0013260717798626587,10.75,0.56
2024-10-23,27.180286407470703,29.66295623779297,51.97506332397461,0.006257235632624258,-0.01246213215133063,-0.017546785671922915,10.75,0.56
2024-10-24,27.426122665405273,29.862594604492188,52.28157424926758,0.00904465296094159,0.006730224900674653,0.0058972689149487945,10.75,0.56
2024-10-25,27.118825912475586,30.070552825927734,54.059322357177734,-0.011204527766416783,0.006963836337391172,0.03400333929185506,10.75,0.56
2024-10-28,27.449167251586914,30.020645141601562,55.06642150878906,0.012181255198048913,-0.0016596862922699795,0.018629518604714956,10.75,0.56
2024-10-29,27.15723991394043,29.9540958404541,54.87376022338867,-0.010635198327541562,-0.0022167845105780515,-0.0034987071998067165,10.75,0.56
2024-10-30,27.080415725708008,29.82100486755371,54.70736312866211,-0.0028288658374663322,-0.004443164420961931,-0.0030323618073404557,10.75,0.56
2024-10-31,26.903718948364258,29.87091636657715,54.34831619262695,-0.0065248916092528475,0.0016737027891955414,-0.006563045913778431,10.75,0.56
2024-11-01,26.75587272644043,29.46331787109375,54.32203674316406,-0.005495382337571519,-0.013645329473034318,-0.00048353750960283826,10.75,0.39
2024-11-04,27.11712646484375,29.529865264892578,54.882511138916016,0.013501848438915776,0.002258652406018413,0.010317624841680528,10.75,0.39
2024-11-05,27.931873321533203,29.438364028930664,54.400856018066406,0.030045471733361584,-0.0030985998459903685,-0.008776113024975607,10.75,0.39
2024-11-06,27.801206588745117,29.446680068969727,53.78783416748047,-0.004678051174152764,0.0002824898839790535,-0.011268606699540773,10.75,0.39
2024-11-07,27.393836975097656,29.538185119628906,55.661922454833984,-0.014652947250583637,0.003107482760190905,0.034842233682771395,11.25,0.39
2024-11-08,26.963403701782227,30.095508575439453,53.096012115478516,-0.015712777794024024,0.01886789772470454,-0.04609812644249822,11.25,0.39
2024-11-11,26.994152069091797,30.153738021850586,51.36204528808594,0.0011403741029749614,0.001934821811207188,-0.03265719511328602,11.25,0.39
2024-11-12,26.671321868896484,30.719379425048828,50.19731521606445,-0.011959264338773257,0.01875858319085877,-0.02267686314843187,11.25,0.39
2024-11-13,26.532978057861328,30.67778778076172,50.057193756103516,-0.005186987420990552,-0.0013539220213932834,-0.002791413432328249,11.25,0.39
2024-11-14,26.456111907958984,31.002201080322266,49.77695846557617,-0.0028970042388275496,0.010574859630654077,-0.005598302052103654,11.25,0.39
2024-11-18,26.363876342773438,31.775800704956055,50.39873123168945,-0.0034863613181874697,0.024953054869539804,0.012491176345040822,11.25,0.39
2024-11-19,26.602148056030273,31.443069458007812,50.51258087158203,0.009037810303724525,-0.010471215187862981,0.002258978293901759,11.25,0.39
2024-11-21,26.140974044799805,31.53457260131836,50.46003723144531,-0.017335968894659493,0.0029101212091506845,-0.001040208978240531,11.25,0.39
2024-11-22,26.217836380004883,32.790626525878906,50.95044708251953,0.0029403011178295024,0.03983101151997337,0.009718777035871984,11.25,0.39
2024-11-25,26.210147857666016,32.59098434448242,50.94169235229492,-0.0002932554093110218,-0.006088391792054448,-0.00017182832979723006,11.25,0.39
2024-11-26,26.709754943847656,32.54940414428711,50.293643951416016,0.01906158976648098,-0.0012758190963432225,-0.012721375575770688,11.25,0.39
2024-11-27,26.056421279907227,32.432945251464844,50.90666580200195,-0.024460488885575504,-0.0035779116664016453,0.012188853350497242,11.25,0.39
2024-11-28,25.118703842163086,32.10021209716797,50.38121795654297,-0.03598795965381629,-0.010259110041258013,-0.010321788653428587,11.25,0.39
2024-11-29,25.057212829589844,32.35807800292969,51.47589111328125,-0.0024480169422606,0.008033152708809332,0.0217278025648866,11.25,0.39
2024-12-02,24.701642990112305,32.566036224365234,51.59849166870117,-0.014190318847340011,0.006426779162121976,0.002381708267082061,11.25,0.39
2024-12-03,24.978500366210938,32.857173919677734,51.20441436767578,0.011208055116392668,0.008939918057779384,-0.0076373802466096485,11.25,0.39
2024-12-04,25.13231086730957,32.64921951293945,50.20607376098633,0.006157715589151014,-0.006329041178241401,-0.019497158966037986,11.25,0.39
2024-12-05,25.670635223388672,32.973628997802734,50.61766815185547,0.021419612343698935,0.009936209492992898,0.008198099553225369,11.25,0.39
2024-12-06,25.147686004638672,32.46621322631836,49.75069046020508,-0.020371495064272382,-0.015388532803537913,-0.017127965852741678,11.25,0.39
2024-12-09,25.270732879638672,33.306358337402344,52.395416259765625,0.004892970071970204,0.0258775208931028,0.053159579798717216,11.25,0.39
2024-12-10,25.612775802612305,33.43113327026367,52.342872619628906,0.01353514061514316,0.0037462796621992034,-0.0010028289474067753,11.25,0.39
2024-12-11,25.86121368408203,33.76386642456055,51.528438568115234,0.009699764031213975,0.009952793152627981,-0.015559597911870338,11.25,0.39
2024-12-12,25.216827392578125,33.159950256347656,50.106380462646484,-0.02491709396842945,-0.017886463612283188,-0.027597539242120384,12.25,0.39
2024-12-13,24.890743255615234,32.95237350463867,49.3553581237793,-0.012931211840664147,-0.006259863181466874,-0.014988556984814827,12.25,0.39
2024-12-16,24.61901092529297,32.81399154663086,49.328857421875,-0.010917003463163488,-0.004199453432036759,-0.0005369366754027771,12.25,0.39
2024-12-17,24.750993728637695,33.12535095214844,49.57624816894531,0.005361011607868171,0.009488617228267326,0.005015132318078042,12.25,0.39
2024-12-18,24.044490814208984,32.26911544799805,48.42762756347656,-0.02854442622282527,-0.025848345135641715,-0.02316876826891978,12.25,0.39
2024-12-19,24.176469802856445,32.139373779296875,47.508731842041016,0.005488949201181148,-0.004020614352142737,-0.018974617747505862,12.25,0.39
2024-12-20,24.45596694946289,31.87125587463379,48.25975036621094,0.011560709602583152,-0.008342349994255316,0.015808010339382284,12.25,0.39
2024-12-23,23.982376098632812,31.87990951538086,48.46297073364258,-0.01936504296921615,0.0002715186618660326,0.004210970133279535,12.25,0.39
2024-12-26,24.137653350830078,32.119564056396484,48.60433578491211,0.006474640025602607,0.007517415973216535,0.0029169704029594623,12.25,0.39
2024-12-27,23.89697265625,32.02078628540039,48.36577606201172,-0.009971172055621591,-0.003075314808839158,-0.004908198395223051,12.25,0.39
2024-12-30,23.858156204223633,32.496700286865234,48.19790267944336,-0.0016243250801986076,0.014862658187810629,-0.003470912621212241,12.25,0.39
2025-01-02,23.747575759887695,33.017513275146484,47.93283462524414,-0.004634911574447731,0.016026642203170294,-0.005499576526434069,12.25,0.39
2025-01-03,23.164953231811523,32.66731262207031,47.04044723510742,-0.024533979129789163,-0.010606512070058915,-0.018617454968263836,12.25,0.39
2025-01-06,24.20590591430664,32.5146598815918,46.43962860107422,0.04493653287698485,-0.004672950672268694,-0.012772383541132637,12.25,0.39
2025-01-07,24.47002410888672,33.206077575683594,45.989017486572266,0.010911312120071237,0.021264798604990087,-0.009703159307599019,12.25,0.39
2025-01-08,24.073841094970703,32.93669509887695,45.547237396240234,-0.0161905444863103,-0.008112444964108234,-0.009606208492299761,12.25,0.39
2025-01-09,24.135990142822266,33.08036804199219,45.26449966430664,0.00258160081751746,0.004362093485212215,-0.006207571481754326,12.25,0.39
2025-01-10,23.801952362060547,33.17015838623047,45.52073669433594,-0.013839820897551092,0.002714309106969459,0.005660882853662841,12.25,0.39
2025-01-13,23.972854614257812,33.286895751953125,45.51189422607422,0.0071801778945528305,0.0035193490595786248,-0.000194251431410164,12.25,0.39
2025-01-14,23.98839569091797,33.062408447265625,45.81230545043945,0.0006482781008030347,-0.006744014412167876,0.006600718987282317,12.25,0.39
2025-01-15,25.029340744018555,33.48444366455078,46.47496795654297,0.04339369195475995,0.012764805623834086,0.014464727316995551,12.25,0.39
2025-01-16,24.95166015625,33.26893615722656,46.53681945800781,-0.0031035810556504506,-0.0064360486165810915,0.0013308562476617158,12.25,0.39
2025-01-17,25.130321502685547,33.403629302978516,48.14488983154297,0.007160298966752077,0.004048615955599022,0.034554797518687064,12.25,0.39
2025-01-20,25.37114143371582,33.48444366455078,47.968177795410156,0.0095828432200733,0.0024193287753033754,-0.0036704214455806072,12.25,0.39
2025-01-21,25.425518035888672,33.4934196472168,47.729618072509766,0.00214324618838746,0.00026806426159975416,-0.0049732913332225515,12.25,0.39
2025-01-22,25.332300186157227,33.30485153198242,46.527984619140625,-0.003666310735532141,-0.005630004855298298,-0.02517584472483414,12.25,0.39
2025-01-23,25.277925491333008,33.071388244628906,46.227577209472656,-0.0021464570696162477,-0.007009888247942575,-0.006456488758904588,12.25,0.39
2025-01-24,25.215776443481445,32.90077590942383,46.85490036010742,-0.0024586292839920976,-0.005158910594954769,0.013570322922011657,12.25,0.39
2025-01-27,25.82170295715332,33.38566589355469,47.676605224609375,0.024029659171114437,0.014737949812058115,0.017537223602796415,12.25,0.39
2025-01-28,25.868316650390625,33.34077072143555,46.51914978027344,0.0018052137504118715,-0.0013447439467669797,-0.024277220219079076,12.25,0.39
2025-01-29,25.80616569519043,33.134246826171875,46.65167999267578,-0.002402589856934423,-0.006194334767759102,0.0028489388354759893,12.25,0.39
2025-01-30,26.435388565063477,33.574241638183594,48.62200927734375,0.024382656350622423,0.013279155380232721,0.04223490525908824,13.25,0.39
2025-01-31,26.264493942260742,33.84362030029297,47.86214828491211,-0.00646461550516364,0.00802337294799882,-0.015627922492822854,13.25,0.39
2025-02-03,26.021726608276367,33.673011779785156,47.89749526977539,-0.009243175768703926,-0.00504108363685718,0.0007385164713642478,13.25,0.39
2025-02-04,26.114992141723633,33.34077072143555,47.729618072509766,0.003584140854727247,-0.00986668672592761,-0.0035049264334195973,13.25,0.39
2025-02-05,26.51137924194336,33.098323822021484,47.9858512878418,0.015178526498057954,-0.007271784489918498,0.005368432132492051,13.25,0.39
2025-02-06,26.558015823364258,33.03546905517578,48.710365295410156,0.0017591156233438543,-0.0018990317208716911,0.01509849232896543,13.25,0.39
2025-02-07,26.36370277404785,32.846900939941406,48.44529724121094,-0.00731654994894082,-0.005708050184467739,-0.005441717642470589,13.25,0.39
2025-02-10,26.651281356811523,33.071388244628906,48.94892501831055,0.010908125661572843,0.006834352656220455,0.01039580322094058,13.25,0.39
2025-02-11,26.93108558654785,33.071388244628906,48.736873626708984,0.01049871583997275,0.0,-0.00433209496474618,13.25,0.39
2025-02-12,26.1849422454834,32.5775146484375,48.40995407104492,-0.02770565407274761,-0.014933561075157309,-0.006707848315590459,13.25,0.39
2025-02-13,26.32484245300293,32.61343765258789,48.471805572509766,0.005342773194149775,0.001102693208430816,0.0012776608169069448,13.25,0.39
2025-02-14,27.024351119995117,33.619136810302734,49.18748092651367,0.0265721881618477,0.03083695648486917,0.014764776049724704,13.25,0.39
2025-02-17,27.078760147094727,33.825660705566406,48.92241287231445,0.0020133333399205977,0.006143045742934783,-0.005388933305920496,13.25,0.39
2025-02-18,27.033462524414062,34.445247650146484,49.24933624267578,-0.001672810070867392,0.01831706851118864,0.006682486638886376,13.25,0.39
2025-02-19,26.781042098999023,34.51708221435547,49.20515441894531,-0.009337332396361586,0.0020854709752298195,-0.0008971049581818491,13.25,0.39
2025-02-20,26.7077579498291,34.570953369140625,51.01644515991211,-0.002736418877914426,0.0015607099826864257,0.036810995968938665,13.25,0.39
2025-02-21,26.626331329345703,34.47218322753906,51.38753128051758,-0.0030488003012593134,-0.002857026838309018,0.00727385295941918,13.25,0.39
2025-02-24,26.47976303100586,34.229740142822266,50.91925048828125,-0.005504637365430276,-0.007033006384205898,-0.009112731835278276,13.25,0.39
2025-02-25,26.74846839904785,34.077083587646484,50.42445755004883,0.010147574497828993,-0.004459763776728298,-0.009717207804272321,13.25,0.39
2025-02-26,26.683330535888672,34.077083587646484,50.11521530151367,-0.002435199735080884,0.0,-0.006132782851024587,13.25,0.39
2025-02-27,26.658899307250977,32.87384033203125,49.74412155151367,-0.0009155989206383053,-0.03530945518035555,-0.007404812046947207,13.25,0.39
2025-02-28,26.007490158081055,32.26323318481445,48.72803497314453,-0.024434960410865347,-0.01857425664447976,-0.020426264384162618,13.25,0.39
